"Neighbourhood.Name","Gini_i_HH_tIncome","Avg_HH_size","Avg_tIncome_HH_in_2020","Race_Total","Prop_Black","Prop_Arab","Prop_Latin_Amrican","Prop_East_SouthEast_Asian","Prop_West_Asian","Prop_multi_vis_minority","Prop_non_vis_minority","Unemployment_rate","Prop_no_dip","Prop_HS_or_equi","Prop_PS_non_Bach","Prop_PS_Bach","Prop_Graduate","MEAN_VIOLENT_CRIME_RATE_2014_2022","TOTAL_CRIME_RATE_2022","TOTAL_CRIME_RATE_2016","ROBBERY_2016","BREAKENTER_2016","SHOOTING_2016","MEAN_SHOOTING_RATE_2014_2022"
"West.Humber.Clairville",0.3,3.1,104500,33300,0.1839339339,0.01381381381,0.04804804805,0.0984984985,0.01246246246,0.02807807808,0.1581081081,14.3,0.1829310345,0.2913793103,0.264137931,0.1827586207,0.07879310345,828.4341182,2773.81226,2656.74044,91,131,10,21.91741222
"Mount.Olive.Silverstone.Jamestown",0.3,3.2,86200,31345,0.2652735684,0.06332748445,0.04306907003,0.07273887382,0.05854203222,0.02775562291,0.10751316,17.7,0.2779185344,0.3030598324,0.2137984798,0.1329175599,0.07230559345,759.3214165,1391.422056,1315.85332,106,34,7,31.78386667
"Thistletown.Beaumond.Heights",0.3,3,101300,9850,0.1614213198,0.02944162437,0.0654822335,0.07005076142,0.03756345178,0.02436548223,0.3197969543,16.6,0.2223550508,0.2839210998,0.2558278542,0.1595935445,0.07830245069,572.65158,1360.242026,1114.01038,16,23,3,17.96567889
"Rexdale.Kipling",0.3,2.6,90000,10375,0.1802409639,0.006265060241,0.06987951807,0.1045783133,0.02120481928,0.02457831325,0.4236144578,13.9,0.2123793299,0.308915389,0.2634866553,0.1612720045,0.05394662124,596.508936,1258.920638,1341.70158,15,16,3,18.57141044
"Elms.Old.Rexdale",0.3,2.9,94600,9355,0.3025120257,0.01603420631,0.09513629075,0.1437733832,0.01496525922,0.02618920363,0.3089257082,18.5,0.226597805,0.3395739187,0.2633957392,0.1155584248,0.05487411233,657.6016544,1412.24189,1267.4853,21,10,4,46.31716333
"Kingsview.Village.The.Westway",0.3,2.8,99400,22010,0.266242617,0.01840072694,0.05202180827,0.08768741481,0.02248977737,0.02816901408,0.3716492503,18.1,0.2119369992,0.2964907433,0.258634982,0.1624758221,0.07046145344,503.4768492,1147.567538,1063.137217,26,34,16,25.42317778
"Willowridge.Martingrove.Richview",0.3,2.6,113400,22445,0.1465805302,0.01158387169,0.0490086879,0.09088883939,0.01358877256,0.01537090666,0.5642682112,14.3,0.1667986276,0.2604908947,0.2517814727,0.2106096595,0.1103193455,388.5250958,870.03488,909.304757,53,35,3,16.14332089
"Humber.Heights.Westmount",0.4,2.4,123100,10005,0.1124437781,0.007496251874,0.05147426287,0.06846576712,0.01099450275,0.01699150425,0.684157921,12.9,0.1691772885,0.2578215527,0.2641946698,0.1935110081,0.1152954809,338.9867307,654.746272,829.457537,11,23,7,32.259632
"Edenbridge.Humber.Valley",0.5,2.4,197600,15190,0.06583278473,0.002304147465,0.06155365372,0.07077024358,0.004279131007,0.007570770244,0.7504937459,12.1,0.1246664125,0.2348455966,0.2207396111,0.256957682,0.1627906977,186.8821523,625.91773,737.61495,4,46,2,6.746174556
"Princess.Rosethorn",0.4,2.9,235600,11170,0.02999104745,0.004028648165,0.0188003581,0.1065353626,0.008504923903,0.01566696509,0.7641002686,11.4,0.08912466844,0.2068965517,0.1957559682,0.324668435,0.1835543767,220.0080342,598.560117,918.259443,37,33,1,7.550047111
"Eringate.Centennial.West.Deane",0.3,2.7,127400,18450,0.05528455285,0.008401084011,0.02628726287,0.1070460705,0.009214092141,0.01653116531,0.6864498645,12.8,0.123062322,0.2584625119,0.2651059791,0.2372666878,0.1161024992,274.2749838,809.597096,759.32244,13,28,3,10.93718667
"Markland.Wood",0.4,2.5,148600,10365,0.0164013507,0.007235890014,0.01543656536,0.08007718283,0.003859141341,0.00820067535,0.8210323203,12.2,0.1055248619,0.2502762431,0.2430939227,0.2524861878,0.1486187845,232.0990769,670.428844,644.201752,10,19,0,2.047288
"Etobicoke.West.Mall",0.3,2.5,97900,11865,0.09523809524,0.007163927518,0.04593341761,0.1289506953,0.01559207754,0.02612726507,0.5377159713,14.2,0.1403769841,0.2762896825,0.2514880952,0.214781746,0.1170634921,446.6100101,793.473599,693.441018,4,14,1,17.30888122
"Kingsway.South",0.5,2.6,316000,8855,0.006775832863,0.002823263693,0.01072840203,0.06606437041,0.01298701299,0.01129305477,0.8650479955,8.3,0.06464646465,0.1508417508,0.1461279461,0.3757575758,0.2626262626,259.6349533,929.054,978.0902,10,27,0,1.165053333
"Stonegate.Queensway",0.4,2.4,154600,25655,0.02650555447,0.007600857533,0.02143831612,0.09413369714,0.01130383941,0.01500682128,0.7651529916,12,0.1152052239,0.2049906716,0.2266791045,0.2793843284,0.1737406716,356.5207143,901.40403,709.91203,16,49,0,3.436151778
"New.Toronto",0.4,2.2,92700,11345,0.1207580432,0.01057734685,0.04186866461,0.1018069634,0.004847950639,0.02512119877,0.5949757602,13.2,0.1413099536,0.2805569881,0.240330067,0.2289840124,0.1088189789,922.7333723,1926.2348,1552.373849,19,42,1,14.933459
"Long.Branch",0.4,2.2,109100,11360,0.0673415493,0.007482394366,0.03565140845,0.1236795775,0.009683098592,0.01496478873,0.6698943662,11.5,0.1285860656,0.2254098361,0.2423155738,0.2607581967,0.1429303279,647.389168,1665.06194,1200.04297,6,28,0,6.084143333
"Alderwood",0.3,2.6,129000,12595,0.02977371973,0.0107185391,0.01905518063,0.1103612545,0.004763795157,0.01349741961,0.7427550615,11.9,0.1590909091,0.2623106061,0.265625,0.2064393939,0.1065340909,287.7978967,945.603646,733.78728,10,26,0,2.583348889
"Humber.Summit",0.3,3.1,94900,12185,0.1116126385,0.02913418137,0.05498563808,0.1025851457,0.01272055806,0.0188756668,0.3434550677,17.4,0.2783953601,0.2967617206,0.2300628323,0.1377477042,0.05703238279,862.6536576,2623.62119,2135.94952,23,41,16,53.00501278
"Humbermede",0.3,3,88400,16955,0.2539074019,0.007962253023,0.1291654379,0.1925685638,0.009731642583,0.03037452079,0.1902093778,16.2,0.2702799713,0.3004307251,0.2386934673,0.1295764537,0.06101938263,817.90147,1493.69403,1417.4139,28,24,3,27.24217
"Pelmo.Park.Humberlea",0.3,2.9,114200,11290,0.1448184234,0.004428697963,0.07705934455,0.1882196634,0.01417183348,0.02081488043,0.47829938,13.8,0.2178217822,0.2761855133,0.2683689422,0.1688379364,0.06878582595,594.0965357,1824.559478,1302.671344,12,24,5,22.51495544
"Black.Creek",0.3,2.9,74700,21145,0.308820052,0.03830692835,0.07803263183,0.2291321825,0.02648380232,0.039962166,0.1558288011,19.5,0.3287631272,0.321470245,0.2301633606,0.08984830805,0.02975495916,1047.743032,1701.321261,1869.64245,36,27,16,55.05184889
"Glenfield.Jane.Heights",0.3,3,84200,30025,0.2333055787,0.007660283097,0.1084096586,0.289092423,0.01665278934,0.0431307244,0.2144879267,19.1,0.3351286655,0.3213644524,0.2244165171,0.09235986435,0.0267305007,1034.369749,1540.043272,1615.3663,71,30,22,65.42586
"York.University.Heights",0.3,2.7,87500,28255,0.1978410901,0.01061758981,0.06122810122,0.2528755972,0.02017342063,0.0311449301,0.2426119271,16.4,0.1902419024,0.2900779008,0.2478474785,0.192496925,0.07933579336,1178.61327,2528.78137,2370.15451,69,99,5,26.89398044
"Rustic",0.3,2.7,83500,9390,0.3727369542,0.002662406816,0.07561235357,0.1038338658,0.001597444089,0.02289669862,0.3610223642,18.6,0.2792792793,0.3294723295,0.250965251,0.1048906049,0.03539253539,702.8570094,1135.839991,1174.86264,6,17,9,57.73524456
"Maple.Leaf",0.3,2.7,105700,9840,0.07113821138,0.01067073171,0.09552845528,0.1778455285,0.006605691057,0.02591463415,0.5264227642,14.8,0.2520858164,0.26340882,0.2681764005,0.1692491061,0.04707985697,308.2518981,844.532412,758.20058,8,18,0,10.68203144
"Brookhaven.Amesbury",0.3,2.7,89400,17495,0.2832237782,0.005144326951,0.09488425264,0.2006287511,0.005144326951,0.0362960846,0.3043726779,17.2,0.2768537769,0.3063063063,0.2512127512,0.1191961192,0.04643104643,643.4621477,1405.88015,1155.49046,33,31,3,20.948801
"Yorkdale.Glen.Park",0.3,2.4,95700,16625,0.1019548872,0.006917293233,0.08210526316,0.2036090226,0.009022556391,0.02616541353,0.4854135338,16,0.2327497425,0.2451081359,0.2214212152,0.20425678,0.09646412633,1106.028248,2361.597975,2269.741226,24,66,1,50.06093067
"Englemount.Lawrence",0.4,2.6,125200,21290,0.1012212306,0.004697040864,0.03170502583,0.2322686707,0.01221230625,0.0157350869,0.5629403476,12.6,0.1377280753,0.2772218952,0.2216009417,0.2316068275,0.1318422602,456.6313417,691.53023,1191.1494,37,56,16,32.15205222
"Clanton.Park",0.4,2.5,124500,17620,0.05760499432,0.004824063564,0.03263337117,0.2630533485,0.01929625426,0.02355278093,0.5368898978,12.1,0.1100575686,0.2279038266,0.2356925161,0.2756518794,0.1506942093,464.0432898,1437.280273,972.327126,7,41,0,6.248575333
"Bathurst.Manor",0.4,2.6,116800,15955,0.03854591037,0.006894390473,0.03697900345,0.2337825133,0.0338451896,0.01723597618,0.5738013162,12.6,0.1313574826,0.2381997805,0.2184412733,0.2627149652,0.1492864984,350.5526308,841.590026,908.58173,12,33,0,1.971986333
"Westminster.Branson",0.3,2.6,92800,25705,0.0412371134,0.01147636647,0.02801011476,0.3102509239,0.04687803929,0.01711729236,0.4683913635,15.5,0.09585666293,0.2629339306,0.2680851064,0.2259798432,0.1471444569,353.8897339,737.85868,694.12725,10,19,2,2.846289444
"Newtonbrook.West",0.3,2.6,95300,23805,0.03066582651,0.01302247427,0.02163411048,0.3892039488,0.08422600294,0.02457466919,0.3429951691,13.7,0.1071260028,0.2416234073,0.2227465786,0.2805568664,0.1479471449,640.3003923,1472.797595,1248.8164,16,54,0,3.917759556
"Willowdale.West",0.4,2.2,105700,17165,0.02184678124,0.01077774541,0.01456452083,0.3856685115,0.1109816487,0.02039032916,0.3626565686,12,0.07599870088,0.1860993829,0.1734329328,0.3507632348,0.2137057486,519.2860621,1066.320062,1248.83327,11,38,2,1.878051
"Lansing.Westgate",0.5,2.4,152400,15910,0.01948460088,0.009113764928,0.02105593966,0.2652419862,0.06065367693,0.01539912005,0.5216844752,11.5,0.06882591093,0.1888111888,0.1718807508,0.3496503497,0.2208317998,436.2235569,1061.87517,963.689514,5,41,1,7.085208
"Bedford.Park.Nortown",0.5,2.7,266000,22145,0.02190110634,0.006547753443,0.01941747573,0.146759991,0.01828855272,0.01286972228,0.7459923233,10.4,0.08101405346,0.2121796638,0.1526591347,0.3235050978,0.2306420502,190.9184962,885.55872,860.805791,18,100,1,3.186051778
"St.Andrew.Windfields",0.5,2.7,220600,16955,0.03833677381,0.01061633736,0.01739899735,0.2978472427,0.07077558242,0.01061633736,0.452373931,10.8,0.08568479009,0.1978664831,0.1631108052,0.3076393668,0.2456985547,284.4792355,983.21303,712.063388,17,56,2,4.149865444
"Bridle.Path.Sunnybrook.York.Mills",0.6,2.7,519500,8940,0.007270693512,0.01621923937,0.007270693512,0.2086129754,0.06263982103,0.024049217,0.6336689038,8.2,0.06163934426,0.171147541,0.1095081967,0.331147541,0.326557377,347.8392329,1188.881785,931.5314,2,49,0,11.10338844
"Banbury.Don.Mills",0.5,2.2,144600,27150,0.04604051565,0.0167587477,0.0123388582,0.2624309392,0.04769797422,0.02283609576,0.4607734807,10.5,0.08803039899,0.218703821,0.2009710787,0.2970234326,0.1952712687,292.8622563,775.276753,596.302416,24,57,2,4.160134111
"Victoria.Village",0.3,2.4,84900,17365,0.1243881371,0.06939245609,0.02562625972,0.1364814282,0.04606968039,0.02764180823,0.3714367982,16.8,0.1811668373,0.2657795974,0.2688502218,0.1896963494,0.0945069942,636.3674172,1202.45836,1104.966005,12,22,7,20.88088444
"Flemingdon.Park",0.3,2.8,79700,22530,0.1140701287,0.02751886374,0.01553484243,0.1706613404,0.09076786507,0.02285841101,0.1975144252,16.5,0.1937414966,0.2666666667,0.2201360544,0.205170068,0.1142857143,656.0914275,899.290664,936.03498,25,14,8,29.974956
"Pleasant.View",0.3,2.8,106300,15220,0.05847568988,0.03186596583,0.01609724047,0.3761498029,0.0252956636,0.0167542707,0.3301576873,16.9,0.1483967189,0.2464578673,0.2177479493,0.2568978374,0.1304996271,238.3720104,513.42153,609.180276,13,32,1,2.032310444
"Don.Valley.Village",0.3,2.6,99100,26770,0.04538662682,0.03193873739,0.02932387,0.3468434815,0.09450877848,0.02521479268,0.2568173328,15.1,0.1083024624,0.2168228372,0.2148616256,0.2869906298,0.173022445,446.0114284,811.760976,907.398917,25,66,1,5.078289556
"Hillcrest.Village",0.3,2.6,105900,16345,0.04863872744,0.01009483022,0.01345977363,0.4866931783,0.04833282349,0.02141327623,0.2095442031,13.6,0.1156651615,0.2045849253,0.2125738104,0.2889892324,0.1781868704,312.3982316,695.810652,729.87704,15,34,0,4.375797889
"Bayview.Woods.Steeles",0.4,2.5,122600,12085,0.04923458833,0.01034340091,0.01489449731,0.4033926355,0.09019445594,0.022755482,0.3156805958,13.4,0.09660938226,0.2243381328,0.1950766373,0.2926149559,0.1913608918,289.0556006,585.181398,724.247324,0,33,1,6.657094
"Newtonbrook.East",0.4,2.5,109400,15345,0.02411208863,0.008145975888,0.02704463995,0.4170739655,0.1616161616,0.02280873249,0.2394916911,13.1,0.08502906977,0.2242005814,0.1729651163,0.3143168605,0.2034883721,495.2190589,1068.78576,1090.84384,10,42,2,5.962477111
"Bayview.Village",0.4,2.1,107700,22330,0.03896103896,0.01500223914,0.0237348858,0.3846842812,0.1213613972,0.02686968204,0.2769816391,13.7,0.05367444194,0.1753197893,0.1793328317,0.3493855029,0.2422874342,354.8883994,844.46724,725.34653,11,33,0,5.49602
"Henry.Farm",0.4,2.3,91100,19840,0.06829637097,0.04259072581,0.02671370968,0.2976310484,0.07232862903,0.02242943548,0.1706149194,13.7,0.07832744405,0.1716725559,0.1911071849,0.3527679623,0.2061248528,443.9479361,893.13129,657.451682,6,12,0,9.651308667
"O.Connor.Parkview",0.4,2.5,105500,18405,0.1342026623,0.01086661233,0.02336321652,0.1219777234,0.02635153491,0.01657158381,0.5634338495,17,0.1770967742,0.274516129,0.2670967742,0.184516129,0.09677419355,741.8844707,1393.77537,1011.402786,28,34,1,14.87698844
"Thorncliffe.Park",0.3,2.9,76600,20400,0.0737745098,0.04338235294,0.02107843137,0.1080882353,0.09460784314,0.01887254902,0.1796568627,17.9,0.1882696047,0.2799740765,0.1843810758,0.2103046014,0.1370706416,492.4285292,960.35383,670.320601,16,24,1,15.57526078
"Leaside.Bennington",0.5,2.6,284400,16535,0.01451466586,0.003931055337,0.01179316601,0.1224674932,0.01663138796,0.01421227699,0.7850015119,11.2,0.08397506417,0.1730839751,0.1518151815,0.3531353135,0.2379904657,208.5023581,1112.681769,743.23506,8,33,0,1.886824778
"Broadview.North",0.4,2.1,93900,10955,0.06344135098,0.0146052031,0.02738475582,0.1241442264,0.0146052031,0.02373345504,0.6713829302,14.7,0.1428571429,0.2435424354,0.2387981023,0.2414338429,0.1333684765,479.1073236,848.541991,767.30764,11,16,1,4.609319111
"Old.East.York",0.4,2.5,126700,9160,0.03493449782,0.009825327511,0.01364628821,0.135371179,0.0114628821,0.02019650655,0.7221615721,12.2,0.1381536475,0.242091672,0.2511297611,0.2324080052,0.1362169141,485.9160678,1218.3845,834.87533,8,26,1,8.161226667
"Danforth.East.York",0.4,2.5,130400,17065,0.04570758863,0.00673893935,0.02109581014,0.1629065338,0.006445941987,0.02402578377,0.6777029007,11.1,0.158270811,0.2011432655,0.2104322972,0.2718828153,0.158270811,394.2430678,814.87892,767.17183,6,42,0,2.492194889
"Woodbine.Lumsden",0.3,2.3,116500,7915,0.07770056854,0.003790271636,0.02337334176,0.1737207833,0.01073910297,0.0176879343,0.6291850916,12,0.1262282691,0.2297808012,0.2380952381,0.261526833,0.1443688587,476.6438889,823.23851,815.40562,3,14,1,4.089598889
"Taylor.Massey",0.3,2.5,79100,15025,0.11281198,0.01397670549,0.02795341098,0.1021630616,0.015640599,0.01730449251,0.302828619,18.8,0.1408336706,0.2480777013,0.2213678673,0.2173209227,0.1723998381,696.3565252,1375.405346,1091.89872,17,42,2,11.66815167
"East.End.Danforth",0.4,2.3,121700,21845,0.07049668116,0.006408789197,0.02151522087,0.1146715496,0.01258869306,0.02471961547,0.6752117189,12.9,0.1201325601,0.2101629384,0.219276443,0.2985363159,0.1518917426,819.4489317,1771.473001,1671.195216,42,77,2,7.479056333
"The.Beaches",0.5,2.3,197200,21505,0.02232039061,0.002325040688,0.01232271565,0.08114392002,0.004185073239,0.01534526854,0.8402697047,11,0.07369010927,0.1944522275,0.1779209863,0.3404314934,0.2135051835,434.7183369,1004.34989,1380.45786,16,77,0,0.9741035556
"Woodbine.Corridor",0.4,2.3,131000,12205,0.06923392052,0.008603031544,0.0184350676,0.1175747644,0.00327734535,0.02335108562,0.7107742728,10.8,0.1243680485,0.201718908,0.1911021234,0.3038422649,0.1789686552,682.7428704,1396.847682,1527.206752,9,52,1,5.139326444
"Greenwood.Coxwell",0.4,2.3,119100,14120,0.05559490085,0.006728045326,0.0138101983,0.196529745,0.004603399433,0.02266288952,0.6214589235,12,0.1503889369,0.2268798617,0.1979256698,0.2623163354,0.1624891962,773.9797435,1640.274534,1605.66112,14,62,1,10.99566822
"Danforth",0.4,2.4,137600,9310,0.03490870032,0.004833512352,0.01020408163,0.1369495166,0.003759398496,0.02524167562,0.7142857143,12,0.1441441441,0.2149292149,0.1776061776,0.2850707851,0.1782496782,863.8989452,2773.80061,1785.32665,19,41,1,8.843133111
"Playter.Estates.Danforth",0.4,2.1,147400,7680,0.02734375,0.005859375,0.01692708333,0.095703125,0.003255208333,0.021484375,0.8046875,14,0.1062215478,0.1820940819,0.1540212443,0.3148710167,0.2427921093,816.6044956,2175.71017,1552.58619,10,24,0,11.38244333
"North.Riverdale",0.4,2.3,173200,11290,0.023914969,0.004428697963,0.007971656333,0.1780336581,0.004871567759,0.0243578388,0.7307351639,9.1,0.1094736842,0.1605263158,0.1552631579,0.3305263158,0.2442105263,484.7883092,1405.0625,1296.43655,31,41,2,3.669952444
"Blake.Jones",0.4,2.4,120500,7475,0.1070234114,0.01538461538,0.02140468227,0.1819397993,0.01003344482,0.02675585284,0.5759197324,13.4,0.1609010459,0.224456959,0.1946902655,0.2654867257,0.154465004,832.0414311,1522.88083,1590.98245,13,23,4,23.42915222
"South.Riverdale",0.4,2.2,135400,27815,0.05896099227,0.006830846665,0.01545928456,0.2399784289,0.007549883157,0.02768290491,0.5969800467,13,0.1444723618,0.1863484087,0.1899078727,0.307998325,0.1712730318,867.6270442,2024.432405,2193.27499,49,150,7,15.03504556
"Cabbagetown.South.St.James.Town",0.5,1.8,120000,11020,0.0612522686,0.009528130672,0.03493647913,0.136569873,0.007259528131,0.01406533575,0.6610707804,12.9,0.07209876543,0.1965432099,0.1995061728,0.2918518519,0.24,1037.989825,2197.8444,2600.41356,24,52,0,5.723353
"Regent.Park",0.4,2.1,83400,12750,0.1650980392,0.03215686275,0.02980392157,0.2,0.0137254902,0.03215686275,0.2921568627,17.3,0.1502496596,0.2505674081,0.2106218793,0.2560145256,0.1325465275,1165.362476,1466.54315,1948.25503,18,25,8,51.32899444
"Moss.Park",0.5,1.6,96800,21495,0.1346824843,0.02140032566,0.03000697837,0.1746917888,0.01395673412,0.02814608048,0.4880204699,14.6,0.09615867437,0.1832789355,0.1910620136,0.3321616872,0.1973386894,2699.963113,4614.67926,4403.44032,124,129,5,26.04297556
"North.St.James.Town",0.4,2,74100,18535,0.1321823577,0.02886431076,0.03776638791,0.2179660103,0.02643647154,0.02077151335,0.2934987861,17.5,0.1191567369,0.2285365108,0.2212037886,0.2694775435,0.1616254201,980.4939385,1682.279274,1573.62989,21,52,2,11.21207889
"Kensington.Chinatown",0.4,1.9,91600,18120,0.06677704194,0.01738410596,0.02649006623,0.4023178808,0.01214128035,0.03476821192,0.370584989,17.7,0.1454814815,0.2334814815,0.16,0.2856296296,0.1754074074,2037.546372,3326.603787,3915.51371,67,80,9,31.76532778
"University",0.5,2,130200,6435,0.0404040404,0.008547008547,0.03185703186,0.2261072261,0.008547008547,0.02253302253,0.6192696193,15.3,0.07834877843,0.1777590564,0.1440606571,0.3108677338,0.2889637742,1715.238992,3235.00818,4961.8123,34,51,0,4.611898889
"Palmerston.Little.Italy",0.4,2.1,131800,13120,0.03201219512,0.006859756098,0.02172256098,0.1288109756,0.008765243902,0.01524390244,0.7572408537,11.2,0.1245805369,0.1854026846,0.1602348993,0.3133389262,0.216442953,550.1940599,1203.635879,1331.7984,30,40,0,1.540647111
"Trinity.Bellwoods",0.4,2.3,133000,15415,0.03081414207,0.005189750243,0.01459617256,0.2293220889,0.006162828414,0.01556925073,0.6707752189,12.7,0.1985507246,0.2003623188,0.1503623188,0.2862318841,0.1644927536,717.1817298,1591.95671,1766.39544,17,46,2,7.744765333
"Dufferin.Grove",0.4,2.1,100600,11210,0.04727921499,0.004906333631,0.04415700268,0.139161463,0.004014272971,0.01962533452,0.6801962533,14.4,0.1795897949,0.1885942971,0.1990995498,0.2716358179,0.1610805403,760.9579727,1573.31511,1559.749995,21,27,1,10.67159611
"Little.Portugal",0.4,2,110900,15485,0.05037132709,0.009041007427,0.03971585405,0.1520826606,0.008072328059,0.01840490798,0.6851792057,12.7,0.1487839771,0.1906294707,0.1766809728,0.3226037196,0.1613018598,586.9140989,1179.65374,1376.49313,9,40,0,2.736342778
"South.Parkdale",0.4,1.8,76300,20500,0.1231707317,0.01243902439,0.03195121951,0.1568292683,0.005365853659,0.02487804878,0.4909756098,17.3,0.146584185,0.2555137171,0.2348036579,0.2477138246,0.1153846154,1112.54734,1886.794922,1870.12838,41,71,7,16.57158478
"Roncesvalles",0.4,2.2,124000,14615,0.05542251112,0.003421142662,0.01744782757,0.1081081081,0.002052685597,0.02634279849,0.7215189873,11.3,0.1353624349,0.1926311574,0.1842210653,0.2919503404,0.195835002,671.5258619,1352.2628,1495.95766,30,42,4,14.89427433
"High.Park.Swansea",0.4,2.2,160600,22665,0.04169424222,0.005073902493,0.02073681888,0.09265387161,0.005735715861,0.01279505846,0.7694683433,11.2,0.07548638132,0.1706874189,0.1815823606,0.324773022,0.2474708171,395.4760746,997.648073,949.87634,18,32,4,8.906574556
"High.Park.North",0.4,2,118400,21855,0.04415465569,0.009608785175,0.0391214825,0.1070693205,0.008922443377,0.01464195836,0.7298101121,13.1,0.06554798112,0.1651809124,0.1969061353,0.3290508652,0.2433141059,417.5542458,990.13361,908.79546,28,28,0,0
"Runnymede.Bloor.West.Village",0.4,2.6,179000,10120,0.02816205534,0.005434782609,0.01581027668,0.09090909091,0.002470355731,0.01729249012,0.8181818182,9.8,0.1084411583,0.1706715958,0.1638940234,0.3345656192,0.2224276032,324.2768483,1040.722019,922.43775,14,22,0,1.065814
"Junction.Area",0.3,2.3,119300,14010,0.05174875089,0.005353319058,0.04354032834,0.1506067095,0.003925767309,0.01641684511,0.6834403997,12.8,0.1215538847,0.2009189641,0.2055137845,0.3028404344,0.1691729323,726.4360977,1494.518,1394.189648,12,33,1,4.553212111
"Weston.Pelham.Park",0.3,2.6,94700,10680,0.1357677903,0.004213483146,0.08286516854,0.1076779026,0.004213483146,0.02434456929,0.5922284644,15.2,0.2781130005,0.2742731761,0.2139330773,0.1574328031,0.07624794295,823.6083267,1239.15851,1173.06635,15,15,4,25.33563789
"Corso.Italia.Davenport",0.3,2.5,117300,13200,0.06174242424,0.004166666667,0.07613636364,0.08522727273,0.00303030303,0.0178030303,0.7310606061,11.3,0.2279541446,0.2156084656,0.221340388,0.2182539683,0.1168430335,615.6913256,1201.76051,911.78418,29,15,1,8.316153889
"Wychwood",0.4,2.2,129800,12800,0.072265625,0.0046875,0.041015625,0.131640625,0.00390625,0.026953125,0.697265625,12.5,0.1538112523,0.2055353902,0.1746823956,0.2717785844,0.1941923775,509.4231787,1057.197367,1336.7592,9,29,0,5.472524444
"Annex",0.6,1.8,184000,29300,0.04163822526,0.01348122867,0.02167235495,0.1363481229,0.01518771331,0.01655290102,0.7139931741,11.6,0.05656866394,0.1535169334,0.1466319315,0.3410867138,0.3021957574,858.4475121,2127.100824,1994.56588,35,123,5,4.999387556
"Casa.Loma",0.7,2,270400,11350,0.03612334802,0.006607929515,0.02422907489,0.09383259912,0.01189427313,0.0140969163,0.7625550661,11,0.04773622047,0.1737204724,0.1496062992,0.3375984252,0.2913385827,396.9337348,1038.552308,818.06746,2,19,0,1.889524
"Yonge.St.Clair",0.6,1.8,204800,12905,0.02944595118,0.01123595506,0.03215807826,0.09221232081,0.0178225494,0.01472297559,0.752421542,8.5,0.0474342389,0.1440275981,0.1655886158,0.3501509271,0.2927986201,235.8409567,710.640521,532.02972,6,12,1,0.8681233333
"Rosedale.Moore.Park",0.6,2,334000,20080,0.0234063745,0.007221115538,0.02091633466,0.09013944223,0.01369521912,0.0124501992,0.7843625498,9.4,0.04834605598,0.1509754029,0.1320327962,0.3664122137,0.3022335312,591.0589786,1903.565917,1240.508551,19,60,1,2.530639
"Mount.Pleasant.East",0.5,2.3,184200,16370,0.03237629811,0.00733048259,0.02932193036,0.1493585828,0.01832620648,0.02107513745,0.7101405009,10.6,0.07247976453,0.1688741722,0.1582045622,0.3509933775,0.2494481236,228.9405866,834.000931,403.87854,3,15,0,1.240808778
"Yonge.Eglinton",0.5,2.1,167000,12405,0.02942361951,0.01289802499,0.03829101169,0.1394598952,0.01370415155,0.01652559452,0.6989117291,11.5,0.06551240056,0.1506785213,0.1637810014,0.3528310716,0.2671970051,589.6703893,1570.77305,997.2056,12,19,0,1.681605778
"Forest.Hill.South",0.6,2.1,284400,10860,0.02946593002,0.006906077348,0.01979742173,0.1017495396,0.009208103131,0.01243093923,0.7785451197,8.9,0.06522882693,0.1683324566,0.1446607049,0.330878485,0.2908995266,192.168072,1307.38704,566.81822,2,27,0,0.998572
"Forest.Hill.North",0.5,2.3,170200,12295,0.04229361529,0.004473363156,0.03904026027,0.1557543717,0.01423342822,0.02114680765,0.6917446116,11.6,0.08217203268,0.2075925036,0.1864488227,0.3046612206,0.2191254205,269.543392,790.12249,583.07357,8,19,0,2.520514222
"Lawrence.Park.South",0.6,2.6,365600,14960,0.01403743316,0.006684491979,0.008689839572,0.1313502674,0.01403743316,0.01570855615,0.7593582888,9.8,0.08150219736,0.1606072713,0.1126648022,0.3467838594,0.2984418698,150.4136696,923.481346,635.06418,2,44,0,0.6712851111
"Lawrence.Park.North",0.5,2.7,268400,14675,0.01260647359,0.003747870528,0.0136286201,0.1645655877,0.01669505963,0.0136286201,0.7291311755,10.9,0.07895860009,0.1519419548,0.1122492531,0.3700384123,0.2868117798,203.2054964,849.06033,551.93116,4,27,0,0.7364204444
"Humewood.Cedarvale",0.5,2.2,146200,13845,0.0639219935,0.007945106537,0.03394727338,0.1560130011,0.003972553268,0.0173347779,0.6832791622,10.8,0.08070025619,0.195559351,0.1964133219,0.3018787361,0.2254483348,301.9548732,885.839332,835.88063,7,27,0,1.465006556
"Oakwood.Village",0.3,2.4,102500,20710,0.1298889425,0.00386286818,0.0709802028,0.1603090295,0.006760019314,0.02148720425,0.5688073394,12.6,0.1997733069,0.2391612355,0.2142249929,0.2159251913,0.1309152734,651.6314824,1212.14741,1161.89374,35,23,11,28.179156
"Briar.Hill.Belgravia",0.3,2.5,96800,14575,0.08164665523,0.004116638079,0.07169811321,0.2466552316,0.009948542024,0.02298456261,0.5090909091,13.9,0.1800236873,0.2408211607,0.2404263719,0.2222660876,0.1164626925,505.6862802,1096.663798,962.72841,21,31,2,12.62095156
"Caledonia.Fairbank",0.3,2.7,102500,10015,0.07538691962,0.00449326011,0.09435846231,0.1467798303,0.008487269096,0.0234648028,0.5976035946,12.9,0.3018648019,0.2441724942,0.2377622378,0.1474358974,0.06876456876,613.0941558,841.17653,995.9321,15,13,0,8.528778
"Keelesdale.Eglinton.West",0.3,2.6,92300,11385,0.1133069829,0.003074220466,0.1001317523,0.1216512956,0.001756697409,0.02415458937,0.5805884936,14.9,0.3189964158,0.2882744496,0.2396313364,0.10906298,0.04403481823,643.2131649,1417.04234,982.639808,28,14,1,19.116462
"Rockcliffe.Smythe",0.3,2.5,87300,22240,0.1506294964,0.00809352518,0.1144334532,0.1290467626,0.004271582734,0.01506294964,0.5211330935,14.2,0.2675832893,0.2979904812,0.2464304601,0.1285034373,0.0594923321,620.5928752,1331.74286,1191.98776,61,38,3,21.97120089
"Beechborough.Greenbrook",0.3,2.4,79500,6260,0.303514377,0.008785942492,0.06389776358,0.1150159744,0.006389776358,0.01517571885,0.392172524,17.6,0.2636103152,0.3304680038,0.2511938873,0.1146131805,0.04011461318,922.0124944,1661.88075,1409.4428,13,11,1,32.65825556
"Weston",0.3,2.4,80500,18680,0.3790149893,0.008029978587,0.07173447537,0.102248394,0.005353319058,0.02810492505,0.3546573876,17.4,0.2302250804,0.3057877814,0.2758842444,0.1327974277,0.05530546624,1030.981068,2086.72318,1834.16241,42,44,13,38.25019111
"Lambton.Baby.Point",0.5,2.6,165600,7965,0.1042059008,0.002510985562,0.02573760201,0.0790960452,0.004394224733,0.02197112367,0.7281858129,13.2,0.1310452418,0.2129485179,0.1731669267,0.2769110764,0.2059282371,394.98946,1100.3775,487.60083,5,9,0,12.09177111
"Mount.Dennis",0.3,2.6,81700,13055,0.3236307928,0.01110685561,0.1018766756,0.1719647645,0.005361930295,0.0417464573,0.2826503255,18.7,0.2305224565,0.3043079743,0.2777268561,0.1393217232,0.04812098992,731.9601837,1351.28331,1454.34882,34,31,3,17.560878
"Steeles",0.3,2.9,95700,22760,0.0336115993,0.01691564148,0.003734622144,0.6862917399,0.004393673111,0.02021089631,0.08501757469,18.6,0.216141929,0.2856071964,0.1906546727,0.2271364318,0.08045977011,169.4305091,508.88091,516.684282,16,48,0,2.594964667
"Tam.O.Shanter.Sullivan",0.3,2.6,93000,27205,0.07737548245,0.02664951296,0.01415181033,0.4010292226,0.02554677449,0.02775225142,0.2212828524,15.6,0.1680118946,0.2584961767,0.2344944775,0.2327952421,0.106202209,416.4984211,885.643706,777.75349,26,62,2,8.524127111
"Wexford.Maryvale",0.3,2.8,98700,28340,0.07939308398,0.05698659139,0.02046577276,0.200952717,0.02787579393,0.02575864502,0.378616796,16.1,0.1680463576,0.2963576159,0.2570364238,0.1939155629,0.08464403974,723.7317006,1448.31851,1302.21823,24,76,4,13.79768444
"Clairlea.Birchmount",0.3,2.9,104500,26840,0.1190387481,0.01154992548,0.01471684054,0.2032414307,0.02123695976,0.02645305514,0.3288002981,14.9,0.1627126231,0.2672336616,0.2345568487,0.2173231871,0.1181736795,950.2157248,1585.163041,1681.59723,47,87,0,11.25395233
"Oakridge",0.3,2.6,72200,13705,0.1984677125,0.01714702663,0.01386355345,0.1327982488,0.01678219628,0.02590295513,0.2276541408,21.1,0.2045760431,0.288470166,0.2122027815,0.1691341409,0.1256168686,1200.063969,1897.796014,1828.65027,30,59,3,33.14447156
"Birchcliffe.Cliffside",0.4,2.4,131400,22700,0.0513215859,0.00550660793,0.01431718062,0.09691629956,0.01057268722,0.01982378855,0.6953744493,14.9,0.1341811575,0.2577212562,0.244484817,0.2398131326,0.1237996366,729.3911816,1113.667971,1460.45265,25,76,0,1.443522556
"Cliffcrest",0.3,2.7,117800,16130,0.07749535028,0.008059516429,0.01115933044,0.1227526348,0.01456912585,0.0275883447,0.5074395536,15.3,0.145795079,0.2794711715,0.2313624679,0.2177745134,0.1255967683,684.8448388,1230.54616,1358.10676,25,59,0,6.507119222
"Kennedy.Park",0.3,2.6,83200,17105,0.1379713534,0.01227711196,0.01724641918,0.2186495177,0.01549254604,0.02776965799,0.232972815,18.4,0.2030282175,0.2897453544,0.2498279422,0.1699931177,0.0874053682,1205.314367,2134.25954,1896.19713,29,46,2,9.927111111
"Ionview",0.3,2.7,85200,13365,0.1343060232,0.01159745604,0.01907968575,0.2371866816,0.0101010101,0.04002992892,0.2424242424,16.4,0.1896860987,0.297309417,0.2457399103,0.1735426009,0.09372197309,650.9716191,878.690256,995.85302,9,17,0,4.707752444
"Dorset.Park",0.3,2.8,89700,24305,0.0915449496,0.04772680518,0.0119317013,0.2744291298,0.03024069122,0.0355893849,0.1888500309,14.5,0.1860691671,0.2866536775,0.2379444715,0.2055528495,0.08377983439,685.861186,1386.83098,1433.80407,58,71,10,23.41418578
"Agincourt.South.Malvern.West",0.3,2.7,93600,24170,0.07343814646,0.008895324783,0.01551510137,0.4737277617,0.01117087298,0.02668597435,0.1290856434,14.4,0.1843100189,0.2618147448,0.2301512287,0.2258979206,0.09782608696,508.2125922,1132.69293,1063.856803,21,61,2,9.851553
"Agincourt.North",0.3,3,97100,27540,0.05265068991,0.007262164125,0.006535947712,0.5642701525,0.007080610022,0.03413217139,0.07824981845,17.3,0.2261806131,0.28003314,0.2187241094,0.2065037283,0.06855840928,249.9141013,630.683241,587.165573,15,49,1,2.544474889
"Milliken",0.3,3.2,95000,23980,0.04378648874,0.002293577982,0.004587155963,0.703294412,0.006046705588,0.02293577982,0.04962468724,19,0.2621055167,0.3028185979,0.1989881956,0.1780293905,0.05805829921,293.447215,931.616978,818.878885,40,67,1,6.802003
"Centennial.Scarborough",0.3,3,155000,13385,0.08143444154,0.01008591707,0.01158012701,0.1374673142,0.01344788943,0.02726933134,0.5143817706,11.6,0.09653024911,0.2553380783,0.2566725979,0.2700177936,0.1214412811,320.0927791,588.53284,664.6927,11,18,2,3.964441778
"Highland.Creek",0.3,3.3,135000,12630,0.113618369,0.003562945368,0.01108471892,0.1638954869,0.01346001584,0.02612826603,0.2141726049,15,0.1194431971,0.2981589582,0.2649303996,0.2168837,0.1005837449,418.300451,1002.4419,1135.96804,11,35,0,4.240965
"Morningside",0.3,3,98200,17660,0.1843148358,0.01670441676,0.01557191393,0.18601359,0.02208380521,0.02066817667,0.1930917327,15.7,0.1472684086,0.2921615202,0.2704445199,0.2124194096,0.07770614184,765.7051922,1101.29654,1238.418689,10,19,1,15.85603622
"West.Hill",0.3,2.8,90200,28135,0.2129020793,0.01172916296,0.02541318642,0.1462591079,0.02168118002,0.0312777679,0.2932290741,16.9,0.1715251373,0.3071398395,0.2786227292,0.1677228559,0.07498943811,1384.33603,2057.670126,2183.51812,77,72,6,16.73189222
"Eglinton.East",0.3,2.8,85300,22535,0.1848236077,0.01420013313,0.01952518305,0.1850454848,0.02817838917,0.02862214333,0.185711116,17.1,0.1912510003,0.2960789544,0.2507335289,0.179781275,0.0821552414,805.157752,1298.808926,1458.884381,43,65,3,25.001152
"Scarborough.Village",0.3,2.8,88700,16525,0.1948562784,0.01906202723,0.01664145234,0.1291981846,0.04720121029,0.02420574887,0.2236006051,17.8,0.1882923192,0.2863534676,0.2460850112,0.1800894855,0.09917971663,962.4230704,1370.710986,1589.49012,25,34,3,16.719323
"Guildwood",0.3,2.5,121800,9680,0.09090909091,0.005165289256,0.01033057851,0.1172520661,0.004132231405,0.02530991736,0.6219008264,13.5,0.1129707113,0.2450687388,0.2665869695,0.241482367,0.1338912134,411.3796012,615.897136,827.93441,8,18,0,4.357399556
"Golfdale.Cedarbrae.Woburn",0.3,3.1,90500,27085,0.1404836625,0.01126084549,0.0158759461,0.113716079,0.01919881853,0.01809119439,0.2006645745,16.7,0.2085778781,0.2916478555,0.2503386005,0.1625282167,0.08690744921,766.4652608,1210.31097,1244.769553,38,38,2,23.87268233
"Woburn.North",0.3,2.7,86500,26585,0.09949219485,0.01147263494,0.01316531879,0.1841263871,0.02839947339,0.02294526989,0.1803648674,16,0.1624196765,0.2636826944,0.2317748726,0.2370928429,0.1050299136,637.3246211,1128.842479,1053.275236,33,42,2,12.41487444
"West.Rouge",0.3,2.9,131200,20670,0.1722302854,0.01136913401,0.01136913401,0.1475568457,0.01499758104,0.04063860668,0.3289791969,14.5,0.1084678561,0.2673463608,0.2897196262,0.2322288304,0.1022373265,344.4292069,607.63886,642.308018,9,34,1,8.635673778
"Morningside.Heights",0.2,3.8,127000,24940,0.1072574178,0.0084202085,0.009021651965,0.1529671211,0.01002405774,0.0274659182,0.03568564555,15,0.1984659636,0.3077660594,0.2384947267,0.191514861,0.06375838926,391.218682,850.543505,676.894766,26,42,5,14.01605933
"Malvern.West",0.3,3.4,99000,17320,0.1680138568,0.01154734411,0.0103926097,0.1980369515,0.0103926097,0.03060046189,0.08083140878,17.5,0.1801242236,0.3015873016,0.2508626639,0.1887508627,0.07867494824,523.5805923,722.413586,996.442766,32,24,1,19.31889067
"Malvern.East",0.3,3.1,97700,26100,0.1940613027,0.01245210728,0.02030651341,0.2030651341,0.008237547893,0.03601532567,0.1076628352,16.2,0.179481398,0.2996617813,0.2777903044,0.17632469,0.06674182638,643.9900181,824.083397,1073.36387,31,41,9,21.16367222
"L.Amoreaux.West",0.3,2.6,92300,21545,0.1009514969,0.03782780227,0.01299605477,0.3397540032,0.03573915061,0.01902993734,0.2852169877,15.8,0.1777836832,0.2633537071,0.2367791656,0.2232261493,0.09885729471,412.3892305,690.730895,787.96369,22,30,5,22.53053333
"East.L.Amoreaux",0.3,3,96700,21495,0.08234473133,0.009769713887,0.01070016283,0.4801116539,0.01279367295,0.02675040707,0.1374738311,17.9,0.197630587,0.2824448034,0.2380183091,0.2030156166,0.0788906839,367.5806947,591.562803,609.526106,17,20,2,7.683294667
"Parkwoods.O.Connor.Hills",0.4,2.8,131200,13965,0.08950948801,0.03472968135,0.03150733978,0.186537773,0.04260651629,0.02506265664,0.492660222,16.3,0.1391267123,0.2367294521,0.241010274,0.2482876712,0.1348458904,349.2853906,719.542307,699.018128,11,22,1,7.583117
"Fenside.Parkwoods",0.3,2.5,93600,20510,0.1496830814,0.03998049732,0.03656752804,0.1938078986,0.05704534373,0.02632862019,0.3303266699,15.7,0.1357918811,0.2675814751,0.2467124071,0.2312750143,0.1186392224,476.266154,769.30165,933.680373,22,24,2,9.624603667
"Yonge.Doris",0.4,2.1,88300,20160,0.01240079365,0.0183531746,0.01537698413,0.4637896825,0.1148313492,0.02157738095,0.1857638889,12.8,0.05779383162,0.1689358155,0.1614337316,0.3698249514,0.2420116699,346.2497333,719.59093,579.2135,25,12,0,0
"East.Willowdale",0.4,2.8,136600,15485,0.03616402971,0.01711333549,0.01033257992,0.4904746529,0.09719082984,0.02260251857,0.2244107201,13.5,0.08581106511,0.2073767407,0.1512984569,0.3289424163,0.226571321,285.8775414,992.23544,1136.66825,14,54,0,5.773952556
"Avondale",0.4,2,102700,13790,0.02356780276,0.02356780276,0.0264684554,0.345177665,0.1327048586,0.02248005801,0.2625090645,11.4,0.04083299306,0.1457737852,0.1621069824,0.3879134341,0.2633728052,334.7336047,674.411324,580.21505,3,7,0,2.346483889
"Oakdale.Beverley.Heights",0.3,2.8,89600,21415,0.2640672426,0.006770954938,0.1169740836,0.2148027084,0.009105766986,0.02148027084,0.3070277843,16.9,0.2702242407,0.3252909452,0.2506386602,0.1158103889,0.03803576497,1310.736987,2511.253541,1808.33139,36,24,4,26.16711
"Downsview",0.3,2.6,97600,17970,0.08764607679,0.01335559265,0.06928213689,0.2874234836,0.006956037841,0.02615470228,0.4454646633,14.5,0.2068741894,0.2610246433,0.2629701686,0.2020103761,0.06712062257,837.199278,1678.32243,1410.07322,11,28,2,19.76257444
"Bendale.Glen.Andrew",0.3,2.5,86400,18685,0.05699759165,0.01632325395,0.01498528231,0.2895370618,0.03104094193,0.03050575328,0.2151458389,15,0.1542768274,0.2712286159,0.233281493,0.232970451,0.1082426128,832.745351,1660.191477,1661.31415,48,30,3,18.33449178
"Bendale.South",0.3,3.2,105100,10725,0.07925407925,0.02144522145,0.01724941725,0.193006993,0.02097902098,0.03216783217,0.2447552448,15.4,0.1777290181,0.2967635765,0.2375205705,0.2073505211,0.08063631377,672.713428,773.446037,1277.11404,17,28,2,11.21982489
"Islington",0.4,2.5,147800,23460,0.06713554987,0.01768968457,0.03111679454,0.1142369991,0.01385336743,0.01662404092,0.6636828645,13,0.1118881119,0.2327672328,0.2357642358,0.2757242757,0.1438561439,318.6737997,901.75228,808.69694,21,40,3,6.018655222
"Etobicoke.City.Centre",0.3,2,97400,23600,0.08601694915,0.01610169492,0.04661016949,0.1618644068,0.01377118644,0.02542372881,0.4955508475,11.1,0.0876771559,0.1900072063,0.2416526543,0.299303387,0.1813595964,692.6962323,1889.243831,1722.78082,21,65,3,9.920089556
"Mimico.Queensway",0.4,2.2,111800,17045,0.05309474919,0.0152537401,0.02904077442,0.12437665,0.01085362276,0.02082722206,0.6435904957,11.6,0.1336971351,0.2118008186,0.2540927694,0.2629604366,0.1374488404,1356.324595,2500.809203,1447.144537,9,33,1,5.604392889
"Humber.Bay.Shores",0.4,1.7,110700,22600,0.06659292035,0.0232300885,0.04845132743,0.1183628319,0.02831858407,0.02522123894,0.564159292,12.4,0.06409949773,0.1755560871,0.2475484334,0.3221717293,0.1906242526,479.2328314,1044.946,798.95499,3,16,0,5.379658778
"West.Queen.West",0.4,1.7,136400,13170,0.05277145027,0.01138952164,0.04062262718,0.159453303,0.01214882308,0.02923310554,0.6343963554,7.5,0.05845771144,0.1480099502,0.1708126036,0.421641791,0.2010779436,864.9737759,1483.48088,1790.41639,7,42,3,7.195124667
"Fort.York.Liberty.Village",0.4,1.6,112300,19910,0.06730286288,0.020592667,0.04043194375,0.167754897,0.01833249623,0.02536413862,0.5311401306,8.6,0.02670940171,0.1172542735,0.1875,0.4447115385,0.2238247863,635.3922668,1291.95163,1110.567596,4,28,1,8.101864222
"Wellington.Place",0.5,1.5,124500,25570,0.04047712163,0.0267892061,0.02894016425,0.2266327728,0.02542041455,0.0267892061,0.4927649589,7.8,0.01697341513,0.1047034765,0.1194274029,0.4895705521,0.2693251534,2284.193352,3004.427338,4947.9538,47,114,3,29.12284556
"Harbourfront.CityPlace",0.4,1.7,110200,28130,0.06327763953,0.02950586562,0.04283682901,0.228048347,0.02328474938,0.02701741913,0.3826875222,10.3,0.03202915228,0.1158419639,0.1572688914,0.4342155735,0.2606444189,683.0711257,1487.565772,1234.14463,15,38,0,9.591917889
"St.Lawrence.East.Bayfront.The.Islands",0.4,1.7,118600,31285,0.09045868627,0.02365350807,0.03052581109,0.1938628736,0.01997762506,0.02621064408,0.4832987054,10.8,0.0420617135,0.1367005689,0.175486985,0.384588864,0.2611618686,1045.996081,2418.204849,1859.87754,16,62,3,10.121299
"Church.Wellesley",0.4,1.5,79300,22320,0.04121863799,0.02105734767,0.03987455197,0.2504480287,0.03046594982,0.02016129032,0.4592293907,15.6,0.03874883287,0.1799719888,0.16643324,0.369047619,0.2457983193,1574.097999,2886.597477,2730.542078,51,62,1,4.290939778
"Downtown.Yonge.East",0.5,1.6,96300,17695,0.08053122351,0.03051709522,0.03023452953,0.2506357728,0.02006216445,0.02910426674,0.4193274936,13.6,0.04298166516,0.1550946799,0.1529906823,0.3865344154,0.2623985573,3277.773071,5893.76962,5309.3256,100,85,3,20.52662
"Bay.Cloverhill",0.6,1.6,94000,16670,0.03599280144,0.03029394121,0.01889622076,0.3686262747,0.03149370126,0.01919616077,0.3533293341,15,0.01883830455,0.2034536892,0.1020408163,0.3918367347,0.2838304553,781.984143,1416.387754,2011.28827,19,58,0,1.273069667
"Yonge.Bay.Corridor",0.5,1.7,99800,12645,0.04507710558,0.05654408857,0.02846975089,0.3550810597,0.02174772637,0.02728351127,0.2846975089,13.3,0.02696917808,0.1528253425,0.1031678082,0.3775684932,0.3394691781,3994.692128,5807.132324,7391.0779,74,61,0,16.24642156
"Junction.Wallace.Emerson",0.3,2.3,103700,23180,0.07571182053,0.009059534081,0.0483175151,0.1481880932,0.005176876618,0.02717860224,0.6203623814,14,0.1979607063,0.2126336732,0.2089032579,0.2407361353,0.1397662273,666.7069529,1171.85698,1224.725873,26,41,1,10.63072089
"Dovercourt.Village",0.4,2.3,111500,12380,0.0436187399,0.00605815832,0.0359450727,0.1563004847,0.003231017771,0.02261712439,0.6853796446,13.8,0.1876419809,0.2076328941,0.179918219,0.2635165834,0.1612903226,612.4230891,1301.6925,1680.503,13,37,2,3.268146667
"North.Toronto",0.4,1.7,85400,15885,0.06452628266,0.01384954359,0.06610009443,0.1768964432,0.06295247088,0.02329241423,0.4866225999,13,0.05458290422,0.1462409887,0.2046000687,0.3631994507,0.2313765877,537.9976766,1559.722878,646.54168,7,15,0,1.555186
"South.Eglinton.Davisville",0.4,1.7,103500,22735,0.04992302617,0.01803386848,0.04728392347,0.1466901254,0.04332526941,0.02023312074,0.5405762041,10.6,0.04379562044,0.1416058394,0.1695863747,0.3751824818,0.2698296837,432.0437986,1016.65329,722.749338,9,25,1,3.377811667
